{
  "model": [
    "LogisticRegression",
    "RandomForest"
  ],
  "cv_mean": [
    0.9583333333333334,
    0.95
  ],
  "cv_std": [
    0.026352313834736508,
    0.0311804782231162
  ]
}